StartTime,EndTime
2021-01-31 04:01:27.338533,
2021-01-31 04:01:33.989156,2021-01-31 04:01:37.447645
2021-01-31 04:01:38.629842,2021-01-31 04:01:39.535445
2021-01-31 04:01:41.631049,2021-01-31 04:02:34.289377
2021-01-31 04:02:35.579964,2021-01-31 04:02:35.611879
2021-01-31 04:02:36.778789,2021-01-31 04:02:38.136970
2021-01-31 04:02:39.332364,2021-01-31 04:02:43.545071
2021-01-31 04:02:44.732572,2021-01-31 04:02:45.822292
2021-01-31 04:02:48.489931,2021-01-31 04:05:01.258964
2021-01-31 04:05:04.526915,2021-01-31 04:05:24.141830
2021-01-31 04:05:48.162198,2021-01-31 04:05:50.416689
2021-01-31 04:05:53.294858,2021-01-31 04:05:55.831938
2021-01-31 04:05:57.961152,2021-01-31 04:06:00.113133
2021-01-31 04:06:04.759539,2021-01-31 04:06:07.425071
2021-01-31 04:06:08.632861,2021-01-31 04:06:09.435883
2021-01-31 04:06:13.375566,2021-01-31 04:06:16.251412
2021-01-31 04:06:21.975889,2021-01-31 04:06:42.737651
2021-01-31 04:06:44.131501,2021-01-31 04:06:56.524498
2021-01-31 04:07:03.103150,2021-01-31 04:08:03.381701
2021-01-31 04:08:07.571952,2021-01-31 04:09:14.877946
2021-01-31 04:09:34.035507,2021-01-31 04:09:34.405518
2021-01-31 04:09:39.664642,2021-01-31 04:09:40.268537
2021-01-31 04:09:44.730511,2021-01-31 04:09:48.885940
2021-01-31 04:09:52.836925,2021-01-31 04:10:08.423905
2021-01-31 04:10:13.919459,2021-01-31 04:10:14.148847
2021-01-31 04:10:21.499843,2021-01-31 04:11:36.296064
2021-01-31 04:12:00.222045,2021-01-31 04:14:12.104308
2021-01-31 04:14:16.150741,2021-01-31 04:14:17.134218
2021-01-31 04:14:18.363467,2021-01-31 04:14:41.992124
2021-01-31 04:14:43.600235,2021-01-31 04:15:31.367656
2021-01-31 04:15:36.672291,2021-01-31 04:15:37.536577
2021-01-31 04:15:40.072336,2021-01-31 04:16:38.447743
2021-01-31 04:16:39.664060,2021-01-31 04:16:39.906408
2021-01-31 04:16:41.310013,2021-01-31 04:28:18.317258
2021-01-31 04:28:22.845285,2021-01-31 04:28:29.478868
2021-01-31 04:28:39.605937,2021-01-31 04:33:25.619363
2021-01-31 04:33:31.164664,2021-01-31 04:33:49.697005
2021-01-31 04:33:50.908499,2021-01-31 04:34:12.923404
2021-01-31 04:34:14.139789,2021-01-31 04:34:16.980625
2021-01-31 04:34:19.281901,2021-01-31 04:34:46.584682
2021-01-31 04:34:47.709399,2021-01-31 04:34:54.082619
2021-01-31 04:34:55.679282,2021-01-31 04:35:06.735646
2021-01-31 04:35:09.537939,2021-01-31 04:35:12.650115
2021-01-31 04:35:14.040492,2021-01-31 04:35:14.576061
2021-01-31 04:35:16.522490,2021-01-31 04:35:19.369794
2021-01-31 04:35:20.559390,2021-01-31 04:35:20.917402
2021-01-31 04:35:24.064431,2021-01-31 04:36:19.146358
2021-01-31 04:36:21.532846,2021-01-31 04:36:24.068341
2021-01-31 04:36:25.570368,2021-01-31 04:36:28.301460
2021-01-31 04:36:30.877604,2021-01-31 04:36:31.036181
2021-01-31 04:38:59.970361,2021-01-31 04:39:26.449321
